Name,Alignment,Intelligence,Strength,Speed,Durability,Power,Combat,Total,P1,P2
3-D Man,good,50,31,43,32,25,52,233,6.1018605,-33.875374
A-Bomb,good,38,100,17,80,17,64,316,42.361755,-10.130865
Abe Sapien,good,88,14,35,42,35,85,299,26.5764,-52.835526
Abin Sur,good,50,90,53,64,84,65,406,18.443705,39.238586
Abomination,bad,63,80,53,90,55,95,436,44.934788,18.824593
Abraxas,bad,88,100,83,99,100,56,526,27.144608,48.516937
Adam Monroe,good,63,10,12,100,71,64,320,4.3383718,7.0232015
Adam Strange,good,1,1,1,1,0,1,5,-65.115906,10.264192
Agent  13,good,1,1,1,1,0,1,5,-64.9552,8.067463
Agent Bob,good,10,8,13,5,5,20,61,-38.076122,-31.994549
Agent Zero,good,75,28,38,80,72,95,388,16.730873,16.212006
Air-Walker,bad,50,85,100,85,100,40,460,28.142641,44.94815
Alan Scott,good,63,80,23,90,98,32,386,30.308983,21.310217
Alex Woolsly,good,1,1,1,1,0,1,5,-63.30894,8.792634
Alfred Pennyworth,good,63,10,17,10,7,55,162,-1.7993851,-47.7221
Allan Quatermain,good,1,1,1,1,0,1,5,-63.859676,7.706868
Amazo,bad,75,100,100,100,100,100,575,27.463097,59.946476
Ammo,bad,1,1,1,1,0,1,5,-63.075634,10.08384
Ando Masahashi,good,1,1,1,1,0,1,5,-66.38547,9.520933
Angel,good,63,13,46,64,17,42,245,9.6981535,-6.4840875
Angel Salvadore,good,38,10,28,28,46,60,210,-6.102121,-26.021112
Angela,bad,1,1,1,1,0,1,5,-67.50152,9.891517
Animal Man,good,56,48,47,85,73,80,389,21.442509,16.628717
Annihilus,bad,75,80,47,56,59,64,381,43.916603,8.4493475
Ant-Man,good,100,10,23,28,32,32,225,-10.066762,-58.917854
Ant-Man II,good,63,10,23,28,32,28,184,-9.662501,-38.06653
Anti-Monitor,bad,88,90,38,90,100,90,496,8.478834,46.503536
Anti-Spawn,bad,1,1,1,1,0,1,5,-65.86413,7.269197
Apocalypse,bad,100,100,33,100,100,60,493,7.7858534,50.392696
Aquababy,good,10,16,12,14,37,14,103,-37.07849,-35.29784
Aqualad,good,63,44,42,75,76,60,360,22.182005,15.8752165
Aquaman,good,63,80,50,80,65,80,418,44.332214,18.81101
Arachne,good,1,1,1,1,0,1,5,-67.36329,8.767832
Archangel,good,63,13,58,64,28,42,268,8.790524,-6.5368505
Arclight,bad,38,63,23,42,52,70,288,23.54438,-23.129433
Ariel,good,50,10,12,14,72,28,186,-30.71305,-40.635223
Armor,good,50,63,12,80,55,54,314,36.083244,20.018375
Arsenal,good,1,1,1,1,0,1,5,-67.069695,11.019684
Astro Boy,good,1,1,1,1,0,1,5,-66.03162,8.482288
Atlas,good,50,80,23,99,69,42,363,33.170654,22.453323
Atom,good,1,1,1,1,0,1,5,-66.06124,10.566284
Atom Girl,good,38,10,23,28,38,42,179,-11.983915,-33.687965
Atom I,good,1,1,1,1,0,1,5,-65.32337,9.231595
Atom II,good,1,1,1,1,0,1,5,-57.279217,5.204922
Atom III,good,1,1,1,1,0,1,5,-55.247654,21.897064
Atom IV,good,1,1,1,1,0,1,5,-69.400085,-4.857957
Aurora,good,50,15,83,56,69,56,329,-22.037764,11.94838
Azazel,bad,50,11,47,95,87,80,370,2.214931,18.15088
Azrael,good,63,18,17,20,35,80,233,17.254047,-50.725872
Aztar,good,1,1,1,1,0,1,5,-71.82975,-2.6907434
Bane,bad,88,53,23,56,51,95,366,28.120932,-30.814041
Banshee,good,50,10,58,42,60,70,290,-11.737736,-23.668581
Bantam,good,25,53,23,54,21,56,232,33.00795,-19.720203
Batgirl I,good,1,1,1,1,0,1,5,-46.352974,4.699703
Batgirl II,good,1,1,1,1,0,1,5,-75.69045,11.060388
Batgirl III,good,1,1,1,1,0,1,5,-59.227757,-2.6726203
Batgirl IV,good,69,12,27,56,42,100,306,29.564657,-42.41654
Batgirl V,good,1,1,1,1,0,1,5,-69.42284,19.033155
Batgirl VI,good,75,10,23,28,22,80,238,21.053827,-54.63872
Batman,good,100,18,27,42,37,100,324,31.406065,-50.26924
Batman II,good,88,11,33,28,36,100,296,28.561499,-49.104073
Battlestar,good,50,53,35,74,48,74,334,35.045918,-0.8263793
Beak,good,1,1,1,1,0,1,5,-61.615257,4.301145
Beast,good,88,48,35,56,35,84,346,28.143879,-30.880695
Beast Boy,good,50,28,50,70,79,40,317,7.7567544,26.578726
Beetle,bad,1,1,1,1,0,1,5,-61.514297,-0.8696401
Ben 10,good,10,7,8,10,90,40,165,-38.948532,-40.820602
Beta Ray Bill,good,63,80,35,95,100,84,457,11.857658,42.17056
Beyonder,good,88,100,23,100,100,56,467,7.853846,50.584843
Big Barda,good,63,90,23,85,42,72,375,57.065605,11.962236
Big Daddy,good,38,10,12,32,22,64,178,6.948994,-40.154377
Big Man,bad,75,12,23,28,19,70,227,21.606594,-55.831432
Bill Harken,good,63,36,33,60,23,40,255,16.27069,-7.8732486
Billy Kincaid,bad,1,1,1,1,0,1,5,-70.898636,16.654978
Binary,good,1,1,1,1,0,1,5,-57.642887,-10.060261
Bird-Brain,good,25,10,35,28,21,42,161,5.126609,-36.978313
Bird-Man,bad,1,1,1,1,0,1,5,-73.65545,4.569048
Bird-Man II,bad,1,1,1,1,0,1,5,-75.66093,27.31888
Birdman,good,1,1,1,1,0,1,5,-63.719154,-2.5664766
Bishop,good,63,14,23,75,85,65,325,1.9272319,8.1012535
Bizarro,neutral,75,95,100,100,95,85,550,28.026936,59.07697
Black Abbott,bad,1,1,1,1,0,1,5,-59.786427,5.8199477
Black Adam,bad,88,100,92,100,89,56,525,26.541538,48.670956
Black Bolt,good,75,67,100,84,100,56,482,27.984135,45.70294
Black Canary I,good,1,1,1,1,0,1,5,-75.19488,-3.6097064
Black Canary II,good,1,1,1,1,0,1,5,-49.516308,11.2025385
Black Cat,good,75,16,33,10,23,70,227,18.16083,-56.928905
Black Goliath,good,1,1,1,1,0,1,5,-70.54372,6.5518446
Black Knight III,good,63,10,8,70,43,70,264,4.2149725,-17.028677
Black Lightning,good,50,11,53,28,70,75,287,-12.004412,-23.40899
Black Mamba,bad,75,10,35,42,78,65,305,-18.293093,-12.553894
Black Panther,good,88,16,30,60,41,100,335,30.452076,-43.415977
Black Widow,good,75,13,27,32,32,100,279,25.295847,-45.8541
Black Widow II,good,1,1,1,1,0,1,5,-65.52347,4.517439
Blackout,bad,63,32,45,80,38,65,323,21.024399,-0.23708165
Blackwing,bad,38,10,35,32,20,56,191,6.635815,-37.291515
Blade,good,63,28,38,50,33,90,302,29.267832,-37.511032
Blaquesmith,good,1,1,1,1,0,1,5,-81.65261,4.9351335
Bling!,good,69,14,12,90,52,28,265,14.086784,-3.4684594
Blink,good,50,8,20,28,55,64,225,-8.591716,-17.815542
Blizzard,bad,1,1,1,1,0,1,5,-67.0335,5.603205
Blizzard I,bad,1,1,1,1,0,1,5,-67.39109,21.13612
Blizzard II,bad,38,10,27,42,47,56,220,-7.3411694,-25.339682
Blob,bad,10,83,23,95,26,72,309,43.22694,-7.392539
Bloodaxe,bad,63,80,33,80,84,84,424,12.073239,42.08503
Bloodhawk,good,50,10,50,80,66,64,320,5.1343427,21.711771
Bloodwraith,bad,1,1,1,1,0,1,5,-59.79744,13.089347
Blue Beetle,good,1,1,1,1,0,1,5,-67.42224,3.4931195
Blue Beetle I,good,1,1,1,1,0,1,5,-84.918434,2.1304653
Blue Beetle II,good,1,1,1,1,0,1,5,-68.232315,-8.07889
Blue Beetle III,good,50,34,58,80,97,30,349,8.212955,27.359838
Bolt,good,1,1,1,1,0,1,5,-57.70885,11.995077
Bomb Queen,bad,1,1,1,1,0,1,5,-68.302956,24.277233
Boom Boom,good,38,10,12,42,56,64,222,-3.6614225,-22.119236
Boomer,good,1,1,1,1,0,1,5,-56.932903,-0.5909871
Booster Gold,good,56,85,53,50,72,40,356,11.846031,31.097706
Box,good,1,1,1,1,0,1,5,-81.30667,12.333335
Box III,good,1,1,1,1,0,1,5,-61.96144,24.827013
Box IV,good,50,75,23,28,11,56,243,33.740902,-22.12176
Brainiac,bad,100,28,63,90,60,75,416,22.64351,26.279955
Brainiac 5,good,100,10,23,28,60,32,253,-12.870408,-51.89222
Brother Voodoo,good,1,1,1,1,0,1,5,-63.6878,5.092597
Bullseye,bad,50,11,25,70,20,70,246,5.776988,-17.389599
Bumblebee,good,63,28,25,10,45,35,206,-11.683157,-36.49222
Bumbleboy,good,1,1,1,1,0,1,5,-80.38003,15.884244
Bushido,good,38,10,8,10,19,70,155,0.9167801,-46.087566
Cable,good,88,48,23,56,100,80,395,-12.309988,17.820185
Callisto,bad,63,53,23,42,45,85,311,26.938557,-27.125689
Cameron Hicks,good,50,10,23,28,51,70,232,-8.854824,-17.327131
Cannonball,good,50,28,67,99,79,56,379,1.3854138,19.706266
Captain America,good,63,19,35,56,46,100,319,29.455334,-41.830517
Captain Atom,good,1,1,1,1,0,1,5,-47.950592,19.18366
Captain Britain,good,75,77,50,60,31,80,373,48.97995,-11.014869
Captain Epic,good,1,1,1,1,0,1,5,-55.485405,18.344774
Captain Mar-vell,good,1,1,1,1,0,1,5,-82.8766,-2.7275543
Captain Marvel,good,100,100,67,95,62,56,480,38.840874,38.740925
Captain Marvel II,good,75,81,27,90,34,56,363,57.58246,9.862475
Captain Planet,good,1,1,1,1,0,1,5,-73.23344,11.984315
Captain Universe,good,1,1,1,1,0,1,5,-75.48336,2.3320484
Carnage,bad,63,63,70,84,81,90,451,25.051554,29.399046
Cat,good,1,1,1,1,0,1,5,-61.40108,21.317984
Cat II,good,1,1,1,1,0,1,5,-78.68917,6.921633
Catwoman,good,63,13,33,28,24,85,246,18.92006,-50.127274
Cecilia Reyes,good,1,1,1,1,0,1,5,-73.47888,9.401222
Century,good,88,80,53,64,74,100,459,45.609646,16.485352
Cerebra,good,1,1,1,1,0,1,5,-55.353928,7.24342
Chamber,good,50,10,20,80,57,64,281,4.1786504,5.652774
Chameleon,bad,88,10,12,28,28,28,194,-9.984288,-59.19507
Changeling,bad,63,10,23,42,64,64,266,-18.236523,-16.43337
Cheetah I,bad,1,1,1,1,0,1,5,-70.85184,12.606597
Cheetah II,bad,1,1,1,1,0,1,5,-57.990196,7.622499
Cheetah III,bad,1,1,1,1,0,1,5,-78.50853,23.55193
Chromos,bad,1,1,1,1,0,1,5,-78.31633,3.482293
Chuck Norris,good,50,80,47,56,42,99,374,47.98715,-10.01008
Claire Bennet,good,38,9,12,100,73,28,260,12.555576,5.024841
Clea,good,1,1,1,1,0,1,5,-71.320175,10.497622
Cloak,good,63,10,47,64,74,56,314,6.2729783,22.015396
Cogliostro,bad,1,1,1,1,0,1,5,-85.64861,6.958358
Colin Wagner,good,1,1,1,1,0,1,5,-74.35413,22.889147
Colossal Boy,good,1,1,1,1,0,1,5,-78.940475,-4.279414
Colossus,good,63,83,33,100,46,80,405,56.469463,13.125223
Corsair,good,1,1,1,1,0,1,5,-55.01522,26.302402
Crimson Crusader,good,1,1,1,1,0,1,5,-66.024284,-0.7247393
Crimson Dynamo I,good,1,1,1,1,0,1,5,-73.94129,-0.35358033
Crystal,good,63,16,12,14,57,56,218,-9.605847,-46.988213
Curse,bad,1,1,1,1,0,1,5,-76.629456,-8.154155
Cy-Gor,bad,1,1,1,1,0,1,5,-62.268806,6.271792
Cyborg,good,75,53,42,85,72,64,391,23.46411,16.190252
Cyborg Superman,bad,75,93,92,100,100,80,540,28.548641,58.594597
Cyclops,good,75,10,23,42,76,80,306,-19.828945,-12.406863
Cypher,good,1,1,1,1,0,1,5,-68.65498,-1.757363
Dagger,good,63,10,35,42,52,70,272,-16.76737,-14.996639
Danny Cooper,good,1,1,1,1,0,1,5,-58.492237,20.09016
Daphne Powell,good,38,10,8,10,56,10,132,-33.789665,-40.40939
Daredevil,good,75,13,27,28,57,95,295,-12.007186,-12.434148
Darkhawk,good,50,32,33,70,74,64,323,19.257175,14.268675
Darkman,good,75,14,23,85,12,28,237,12.704755,-5.632088
Darkseid,bad,88,100,23,100,100,95,506,6.6231565,47.066143
Darkside,bad,1,1,1,1,0,1,5,-64.33933,9.0275
Darkstar,good,38,8,35,42,52,64,239,-7.8417273,-25.364862
Dash,good,9,4,83,42,12,28,178,1.9168223,-8.577329
Dazzler,good,63,10,35,42,64,56,270,-18.00703,-16.309937
Deadman,good,50,10,33,100,100,42,335,4.200569,14.5772705
Deadpool,neutral,50,15,30,100,100,100,395,2.3108273,17.060938
Deadshot,bad,50,10,23,28,47,80,238,-9.185843,-16.478733
Deathlok,good,69,32,30,70,40,60,301,21.94981,-1.4973152
Deathstroke,neutral,75,30,35,100,36,90,366,29.373053,-7.446792
Demogoblin,bad,50,48,42,35,54,60,289,22.827013,-24.620298
Destroyer,bad,50,95,58,98,90,70,461,38.83612,27.434643
DL Hawkins,good,50,12,12,56,48,56,234,-2.4868407,-21.633911
Doc Samson,good,75,80,33,80,36,70,374,57.959015,10.981888
Doctor Doom,bad,100,32,20,100,93,84,429,1.4523838,12.740334
Doctor Doom II,bad,1,32,1,1,0,1,36,-63.69743,16.854597
Doctor Fate,good,81,16,25,80,100,50,352,-0.67256194,12.59578
Doctor Octopus,bad,1,1,1,1,0,1,5,-76.909706,16.389109
Doctor Strange,good,100,10,12,84,100,60,366,-0.12557697,12.363909
Domino,good,63,10,27,28,49,74,251,-10.396779,-15.639009
Donna Troy,good,1,1,1,1,0,1,5,-73.07078,6.9174423
Doppelganger,bad,8,63,60,95,62,84,372,44.287327,-5.70088
Dormammu,bad,88,95,83,100,100,80,546,27.905367,53.81209
Dr Manhattan,good,88,32,42,95,100,42,399,-1.665761,13.189062
Ego,bad,88,80,83,99,71,28,449,34.298584,40.454456
Elastigirl,good,38,32,12,90,20,14,206,15.966491,-13.902412
Electro,bad,69,10,50,56,67,64,316,6.662109,21.901842
Elektra,good,63,11,30,28,59,100,291,-11.47569,-12.514385
Elle Bishop,bad,50,8,12,42,63,42,217,-16.599554,-29.980677
Elongated Man,good,38,10,27,90,41,42,248,6.4757104,3.7793105
Emma Frost,good,75,63,35,90,82,42,387,25.097486,17.909975
Energy,good,1,1,1,1,0,1,5,-59.300945,28.058634
ERG-1,good,1,1,1,1,0,1,5,-51.054634,23.418768
Evilhawk,bad,50,32,33,70,78,64,327,19.468885,14.218036
Exodus,bad,63,81,28,28,100,70,370,38.363045,11.311052
Fabian Cortez,bad,1,1,1,1,0,1,5,-52.242462,12.965941
Falcon,good,38,13,50,28,22,64,215,8.121296,-35.91051
Fallen One II,bad,88,85,83,100,100,56,512,27.605711,47.883385
Faora,bad,88,95,75,100,87,90,535,28.484573,54.714268
Feral,good,38,28,45,28,20,70,229,8.385878,-35.40651
Fighting Spirit,good,1,1,1,1,0,1,5,-54.403378,4.4183292
Fin Fang Foom,good,50,81,23,100,68,70,392,38.37274,22.404652
Firebird,good,38,8,40,14,90,42,232,-17.682089,-33.027645
Firelord,good,38,63,75,90,48,28,342,31.421844,39.39499
Firestar,good,50,8,54,55,71,32,270,6.7348323,25.18172
Firestorm,good,50,53,58,56,100,42,359,9.962302,28.987417
Fixer,bad,1,1,1,1,0,1,5,-80.66002,0.9026173
Flash Gordon,good,1,1,1,1,0,1,5,-69.0052,4.879275
Flash I,good,63,10,100,50,57,32,312,-18.955261,7.942804
Flash II,good,63,10,100,60,66,32,331,-18.651937,8.597831
Flash III,good,63,10,100,60,83,32,348,-18.241327,9.064445
Flash IV,good,63,10,100,32,59,48,312,-19.408815,7.003075
Forge,good,63,10,12,28,12,48,173,-2.3483331,-47.863876
Franklin Richards,good,1,1,1,1,0,1,5,-71.71148,25.822159
Franklin Storm,good,38,10,1,1,0,10,60,-39.42933,-32.80397
Frenzy,bad,63,53,35,100,38,52,341,34.305164,-10.907842
Frigga,good,1,1,1,1,0,1,5,-58.615612,9.932026
Galactus,neutral,100,100,83,100,100,70,553,27.165192,52.910088
Gambit,good,63,10,23,28,55,84,263,-10.850738,-14.838601
Garbage Man,good,1,1,1,1,0,1,5,-49.257725,7.627721
Gary Bell,good,63,5,8,10,54,10,150,-32.62929,-43.815212
General Zod,bad,94,100,96,100,94,95,579,24.6424,57.2686
Genesis,good,1,1,1,1,0,1,5,-55.115704,12.41817
Ghost Rider,good,50,55,25,100,70,60,360,17.847754,6.4670806
Ghost Rider II,good,1,1,1,1,0,1,5,-72.45424,2.168234
Giant-Man,good,1,1,1,1,0,1,5,-61.67966,1.9916642
Giant-Man II,good,1,1,1,1,0,1,5,-69.38341,14.535136
Giganta,bad,81,89,23,85,32,42,352,57.30379,8.906662
Goblin Queen,bad,75,10,23,28,65,56,257,-20.680136,-16.644253
Gog,bad,50,34,47,72,39,56,298,20.237118,-0.7666217
Goku,good,56,100,75,90,100,100,521,29.98102,60.31146
Goliath,good,1,1,1,1,0,1,5,-66.39699,18.46069
Goliath II,good,1,1,1,1,0,1,5,-75.52485,19.67435
Goliath III,bad,1,1,1,1,0,1,5,-69.3347,8.559364
Goliath IV,good,1,1,1,1,0,1,5,-65.776764,2.0746472
Granny Goodness,bad,1,1,1,1,0,1,5,-63.903057,19.720789
Gravity,good,50,32,33,40,72,30,257,-22.871323,-27.62597
Green Arrow,good,75,12,35,28,26,90,266,22.586714,-50.038006
Green Goblin,bad,75,48,35,48,38,28,272,19.067776,-8.962114
Green Goblin II,bad,75,55,37,50,38,26,281,19.417255,-8.698193
Green Goblin III,good,1,1,1,1,0,1,5,-57.315296,14.568906
Green Goblin IV,good,1,1,1,1,0,1,5,-71.28309,4.551555
Groot,good,75,85,33,70,92,64,419,17.008152,41.222717
Guardian,good,1,1,1,1,0,1,5,-71.65992,-10.621968
Guy Gardner,good,38,80,27,64,97,64,370,16.224937,37.131668
Hal Jordan,good,63,90,53,64,100,56,426,18.407894,40.21579
Hancock,good,50,85,65,100,70,28,398,32.325188,39.318264
Harley Quinn,bad,81,12,23,42,30,80,268,25.572838,-53.523212
Havok,good,63,10,25,60,71,45,274,1.0673285,6.378997
Hawk,good,38,38,35,95,36,42,284,32.70922,-13.382287
Hawkeye,good,50,12,23,14,26,80,205,16.497856,-49.814774
Hawkeye II,good,50,6,8,10,24,50,148,-0.4658352,-47.00244
Hawkgirl,good,50,28,53,99,74,72,376,1.7619915,19.249546
Hawkman,good,1,1,1,1,0,1,5,-48.316322,0.4681216
Hawkwoman I,good,1,1,1,1,0,1,5,-78.9301,19.39534
Hawkwoman II,good,1,1,1,1,0,1,5,-75.71712,8.23341
Hawkwoman III,good,1,1,1,1,0,1,5,-52.425873,6.8556304
Hellboy,good,63,53,23,85,30,75,329,32.710136,-9.95163
Hellcat,good,50,10,23,42,18,70,213,8.258822,-40.649067
Hellstorm,good,1,1,1,1,0,1,5,-72.22632,14.48617
Hercules,good,63,100,46,85,67,100,461,45.498146,19.669365
Hiro Nakamura,good,1,1,1,1,0,1,5,-59.350212,0.87170327
Hit-Girl,good,10,8,23,14,21,56,132,1.7064769,-40.74964
Hobgoblin,bad,1,1,1,1,0,1,5,-58.523525,23.641602
Hollow,good,1,1,1,1,0,1,5,-63.67843,29.788324
Hope Summers,good,63,10,12,32,89,75,281,-21.583038,-12.022293
Howard the Duck,good,1,1,1,1,0,1,5,-73.86187,16.711664
Hulk,good,88,100,47,100,41,85,461,55.477394,16.126286
Human Torch,good,56,10,63,70,74,42,315,7.055454,25.405851
Huntress,good,69,10,23,28,34,95,259,24.637054,-45.95467
Husk,good,63,63,35,78,53,64,356,35.07307,-0.8146163
Hydro-Man,bad,38,13,25,80,66,50,272,5.1706204,4.2257895
Hyperion,good,63,95,75,95,58,72,458,37.469112,37.20119
Iceman,good,63,32,53,100,100,64,412,0.4575104,19.209513
Impulse,good,50,10,100,60,63,60,343,-21.31059,10.558554
Ink,good,38,28,17,40,66,50,239,-20.69965,-25.545235
Invisible Woman,good,69,10,27,70,74,56,306,1.687666,7.0000186
Iron Fist,good,75,23,35,42,43,100,318,29.228043,-40.97009
Iron Man,good,100,85,58,85,100,64,492,34.95804,49.311607
Iron Monger,bad,88,63,25,90,57,56,379,26.890057,14.464091
Ironman,good,1,1,1,1,0,1,5,-82.74144,20.665373
Isis,good,75,48,75,46,43,56,343,27.945517,2.384651
Jack Bauer,good,1,1,1,1,0,1,5,-77.92613,13.1951
Jack of Hearts,good,63,55,100,30,70,30,348,-20.8744,5.7886996
Jack-jack,good,6,34,67,80,69,6,262,5.7657566,29.984734
Jean Grey,good,100,80,67,100,100,70,517,33.484814,49.62683
Jennifer Kale,good,75,10,35,42,61,72,295,-16.833426,-14.046448
Jessica Sanders,good,1,1,1,1,0,1,5,-69.760376,2.6546779
Jigsaw,bad,1,1,1,1,0,1,5,-64.58611,13.26615
Jim Powell,good,38,38,23,80,23,20,222,15.98591,-13.898176
JJ Powell,good,88,10,8,10,14,10,140,-9.229037,-63.002247
Johann Krauss,good,1,1,1,1,0,1,5,-77.358086,-0.47268495
John Stewart,good,50,80,27,64,94,54,369,16.250929,37.174953
John Wraith,good,75,12,35,28,65,80,295,-16.04507,-13.225211
Joker,bad,100,10,12,56,22,90,290,31.581394,-52.532146
Jolt,good,63,12,27,32,31,42,207,-9.107854,-37.431
Jubilee,good,56,8,22,20,66,90,262,-9.999664,-13.274756
Juggernaut,neutral,44,100,42,100,74,70,430,38.885483,26.587881
Junkpile,bad,50,38,17,90,71,30,296,14.465724,4.64798
Justice,good,50,10,33,70,55,30,248,4.827315,2.169551
Kang,bad,100,48,58,70,71,70,417,23.786875,25.188402
Kevin 11,bad,25,7,12,14,100,40,198,-39.364437,-41.083313
Kick-Ass,good,10,10,23,14,21,56,134,1.7131367,-40.77131
Kid Flash,good,25,4,92,42,13,30,206,1.9278948,-8.566802
Kid Flash II,good,1,1,1,1,0,1,5,-64.58611,13.26615
Killer Croc,bad,25,48,33,85,36,60,287,33.573677,-13.787858
Kilowog,good,81,90,53,42,100,80,446,39.654476,12.369012
Kingpin,bad,75,18,25,40,13,70,241,22.969387,-56.251945
Klaw,bad,63,38,33,100,62,60,356,18.313292,4.9476423
Kool-Aid Man,good,25,10,12,14,10,14,85,-38.378902,-32.786903
Kraven II,bad,50,34,23,28,36,85,256,30.767975,-25.654915
Kraven the Hunter,bad,63,32,35,42,26,85,283,29.34324,-37.172394
Krypto,good,9,80,100,90,72,40,391,30.23094,40.539383
Lady Bullseye,bad,1,1,1,1,0,1,5,-64.58611,13.26615
Lady Deathstrike,bad,1,1,1,1,0,1,5,-64.58611,13.26615
Leader,bad,100,10,12,14,58,42,236,-11.962229,-51.56343
Leech,good,25,5,12,14,62,14,132,-35.06329,-39.42785
Lex Luthor,bad,100,10,12,14,10,28,174,-11.070693,-62.831387
Light Lass,good,38,10,35,28,65,42,218,-13.131094,-29.759687
Lightning Lad,good,38,10,23,28,60,42,201,-13.676369,-31.318132
Lightning Lord,bad,44,10,23,42,66,42,227,-16.377167,-30.032444
Living Brain,bad,75,53,35,56,31,28,278,18.89985,-8.384667
Liz Sherman,good,1,1,1,1,0,1,5,-64.58611,13.26615
Lizard,bad,38,51,27,70,40,56,282,33.896954,-14.409006
Lobo,bad,88,83,35,100,95,85,486,9.048091,46.67391
Loki,bad,88,57,47,85,85,56,418,24.327745,17.487257
Longshot,good,50,10,27,10,71,70,238,-8.695854,-13.015459
Luke Cage,good,44,55,23,95,35,64,316,33.542755,-10.967526
Luke Campbell,bad,1,1,1,1,0,1,5,-64.58611,13.26615
Luna,good,38,6,83,14,53,14,208,-18.665255,5.12137
Lyja,good,1,1,1,1,0,1,5,-64.58611,13.26615
Mach-IV,bad,75,36,60,84,60,56,371,28.792805,6.2376175
Machine Man,good,63,32,35,84,51,64,329,21.325748,0.47422814
Magneto,bad,88,80,27,84,91,80,450,9.257895,45.501575
Magog,good,50,48,23,64,66,72,323,17.968822,14.354996
Magus,bad,88,100,70,99,100,74,531,28.207293,53.284576
Man-Bat,neutral,38,18,50,70,33,30,239,6.7145786,-4.157675
Man-Thing,good,50,32,8,100,98,40,328,14.071727,6.42443
Man-Wolf,good,63,44,35,42,38,70,292,26.30171,-26.57661
Mandarin,bad,100,28,23,28,99,95,373,-12.399961,17.702301
Martian Manhunter,good,100,100,96,100,100,85,581,23.790903,56.34467
Marvel Girl,good,63,85,47,42,100,80,417,39.40974,12.099382
Master Brood,good,1,1,1,1,0,1,5,-64.58611,13.26615
Master Chief,good,75,73,35,80,62,100,425,45.40392,17.488243
Match,bad,75,95,83,85,90,70,498,24.38069,45.301456
Matt Parkman,good,63,10,12,14,59,56,214,-9.6119175,-46.99862
Maverick,good,63,10,12,42,60,85,272,-12.132835,-15.049138
Maxima,bad,75,90,35,56,67,75,398,43.877426,8.958181
Maya Herrera,good,50,10,12,14,60,14,160,-32.449783,-41.590706
Medusa,good,75,34,35,70,35,56,305,22.011084,-1.7455437
Meltdown,good,38,10,12,42,58,64,224,-3.7557914,-22.150423
Mephisto,bad,88,85,35,95,100,42,445,9.140679,50.53671
Mera,good,56,62,54,70,55,70,367,38.09755,2.211179
Metallo,bad,75,53,23,95,74,64,384,24.418072,15.284419
Metamorpho,good,1,1,1,1,0,1,5,-64.58611,13.26615
Meteorite,good,1,1,1,1,0,1,5,-64.58611,13.26615
Metron,good,88,10,47,56,69,28,298,-14.745845,-52.045734
Micah Sanders,good,63,8,12,14,57,14,168,-32.20336,-43.06986
Micro Lad,good,38,28,27,28,44,32,197,-14.170624,-38.524384
Mimic,good,63,67,47,56,79,42,354,11.660257,30.88487
Minna Murray,good,1,1,1,1,0,1,5,-64.58611,13.26615
Misfit,good,63,32,23,80,62,42,302,14.940388,3.6393776
Miss Martian,good,63,85,58,100,100,45,451,20.696625,43.507
Mister Fantastic,good,100,10,18,70,32,64,294,31.899954,-53.39341
Mister Freeze,bad,75,32,12,70,37,28,254,14.104229,-4.666408
Mister Sinister,bad,1,1,1,1,0,1,5,-64.58611,13.26615
Mogo,good,1,1,1,1,0,1,5,-64.58611,13.26615
Mohinder Suresh,good,1,1,1,1,0,1,5,-64.58611,13.26615
Moloch,bad,1,1,1,1,0,1,5,-64.58611,13.26615
Molten Man,bad,50,73,23,84,53,56,339,36.127865,20.345623
Monarch,good,1,1,1,1,0,1,5,-64.58611,13.26615
Monica Dawson,good,50,10,35,14,48,90,247,-5.8530188,-14.8720665
Moon Knight,good,50,36,23,42,28,75,254,30.770437,-24.682028
Moonstone,good,56,67,47,52,79,80,381,42.501274,10.031142
Morlun,bad,63,60,35,42,59,56,315,23.53547,-24.820091
Morph,good,1,1,1,1,0,1,5,-64.6959,22.603683
Moses Magnum,bad,75,28,12,42,55,56,268,-21.474197,-20.630692
Mr Incredible,good,38,73,35,95,25,42,308,39.857376,-12.360319
Ms Marvel,good,63,80,47,52,70,80,392,42.95782,9.694559
Ms Marvel II,good,38,63,23,84,11,56,275,39.27865,-12.350672
Multiple Man,good,63,11,23,70,28,62,257,5.4332023,-17.283163
Mysterio I,bad,75,10,23,42,50,56,256,-19.891909,-18.258604
Mystique,bad,75,12,23,64,58,74,306,0.805878,4.4824157
Namor,good,1,1,1,1,0,1,5,-75.986084,5.594751
Namora,good,50,85,42,42,41,64,324,47.716545,-12.3404665
Namorita,good,50,72,47,70,30,70,339,45.228672,-9.729027
Naruto Uzumaki,good,50,80,32,80,100,100,442,11.496867,41.29942
Nathan Petrelli,good,1,1,1,1,0,1,5,-71.28575,8.439284
Nick Fury,good,75,11,23,42,25,100,276,26.240984,-44.729332
Nightcrawler,good,50,10,47,14,52,80,253,-5.7641993,-14.916758
Nightwing,good,88,11,33,28,36,100,296,28.561321,-49.104206
Niki Sanders,good,63,52,35,28,37,56,271,25.476357,-26.05487
Nina Theroux,good,63,5,8,10,54,20,160,-31.623217,-43.76277
Nite Owl II,good,1,1,1,1,0,1,5,-74.99661,13.954521
Northstar,good,50,18,83,56,70,70,347,-22.06448,11.992826
Offspring,good,50,10,35,99,100,56,350,3.9098217,14.629858
Omega Red,bad,1,1,1,1,0,1,5,-78.45029,10.019631
Omniscient,good,1,1,1,1,0,1,5,-59.36705,3.4908493
Onslaught,bad,88,85,47,100,100,85,505,9.110723,47.311893
Oracle (DC),good,75,11,23,28,19,76,232,21.354052,-55.16907
Osiris,good,75,85,60,95,65,42,422,34.78676,39.625874
Overtkill,bad,1,1,1,1,0,1,5,-72.645775,-6.4094477
Penance,good,1,1,1,1,0,1,5,-53.47672,-7.059785
Penance I,good,1,1,1,1,0,1,5,-69.38121,10.491155
Penance II,good,1,1,1,1,0,1,5,-68.00496,0.99853504
Penguin,bad,75,10,12,28,30,45,200,-4.8948054,-48.3027
Peter Petrelli,good,63,28,23,28,69,56,267,-21.162603,-23.545774
Phantom,good,1,1,1,1,0,1,5,-68.8269,12.417551
Phantom Girl,good,38,10,23,28,53,42,194,-13.192015,-32.018578
Phoenix,good,100,80,67,100,100,70,517,33.484905,49.626614
Plastic Lad,good,1,1,1,1,0,1,5,-65.57251,-11.30732
Plastic Man,good,50,63,23,100,100,56,392,18.464844,7.781222
Plastique,bad,50,10,23,28,60,42,213,-14.563723,-31.912449
Poison Ivy,bad,69,14,23,14,71,36,227,-29.389526,-40.440033
Power Girl,good,88,98,67,95,67,75,490,38.261734,38.458836
Power Man,good,1,1,1,1,0,1,5,-56.809086,2.526953
Professor X,good,100,8,12,14,90,32,256,-11.359386,-52.538467
Proto-Goblin,bad,63,38,23,48,22,28,222,16.167261,-8.342723
Psylocke,good,1,1,1,1,0,1,5,-68.159195,16.55756
Punisher,good,50,16,23,28,22,100,239,15.741605,-45.782524
Pyro,bad,38,10,12,14,50,28,152,-32.951675,-38.731407
Quantum,good,1,1,1,1,0,1,5,-60.700188,11.04062
Question,good,81,14,27,35,20,80,257,23.539038,-54.25518
Quicksilver,good,63,28,100,60,57,56,364,-21.169739,9.869035
Quill,good,38,10,12,14,23,14,111,-38.26987,-33.47042
Ra's Al Ghul,bad,100,28,32,42,27,100,329,31.492508,-50.067112
Rachel Pirzad,good,63,4,8,10,52,10,147,-32.30364,-44.2671
Raven,neutral,50,10,29,70,62,40,261,4.7440805,2.799723
Razor-Fist II,bad,1,1,1,1,0,1,5,-58.13257,17.130964
Red Arrow,good,63,16,25,20,24,80,228,17.748774,-50.453606
Red Hood,neutral,75,12,23,28,24,95,257,24.951387,-46.823013
Red Hulk,good,50,88,47,95,59,75,414,38.8145,25.098665
Red Mist,bad,25,10,23,14,20,56,148,2.3897288,-41.020123
Red Robin,good,81,11,27,32,29,80,260,24.412071,-52.74187
Red Skull,bad,75,10,12,14,19,80,210,16.212214,-53.56306
Red Tornado,good,75,38,67,60,92,40,372,9.574463,28.464972
Redeemer II,bad,1,1,1,1,0,1,5,-70.72141,0.129235
Redeemer III,bad,1,1,1,1,0,1,5,-53.02315,9.835524
Renata Soliz,good,1,1,1,1,0,1,5,-81.80215,8.749143
Rhino,bad,25,80,43,90,37,85,360,44.059963,-7.0395045
Rick Flag,bad,88,11,23,28,19,95,264,25.03007,-48.167137
Riddler,bad,100,10,12,14,10,14,160,-10.019719,-63.241375
Ripcord,good,1,1,1,1,0,1,5,-63.767494,3.0531445
Robin I,good,88,11,27,28,32,85,271,24.875427,-51.55643
Robin II,good,1,1,1,1,0,1,5,-72.404305,19.306944
Robin III,good,81,11,27,28,30,85,262,24.22921,-51.779778
Robin V,good,69,8,33,16,29,65,220,18.080267,-57.1127
Rocket Raccoon,good,50,5,23,28,28,64,198,8.066136,-39.647717
Rogue,good,75,10,12,28,80,80,285,-21.033918,-12.296587
Ronin,good,38,10,27,32,21,90,218,15.632348,-45.73961
Rorschach,good,75,10,29,20,23,80,237,19.869884,-54.628986
Sabretooth,bad,55,53,25,90,28,100,351,31.876417,-9.144507
Sage,good,75,10,12,14,28,56,195,-5.1829486,-48.367756
Sandman,neutral,50,75,47,97,62,56,387,35.23911,23.878788
Sasquatch,good,75,80,23,56,15,42,291,56.98991,7.45024
Savage Dragon,good,63,70,54,85,49,72,393,39.80025,2.297701
Scarecrow,bad,81,10,12,14,48,50,215,-8.66029,-48.399487
Scarlet Spider,good,75,53,60,74,39,56,357,29.203215,5.505541
Scarlet Spider II,good,88,55,60,40,30,56,329,27.866055,2.3065083
Scarlet Witch,bad,88,10,23,42,67,28,258,-13.827993,-51.987114
Scorpia,bad,38,28,42,28,34,28,198,-14.003238,-38.78193
Scorpion,bad,50,52,60,85,49,80,376,39.017693,0.96589816
Sentry,good,75,80,58,84,97,54,448,20.842066,42.98352
Shadow King,good,75,12,27,100,100,75,389,1.7679546,13.671407
Shadowcat,good,88,8,21,25,69,70,281,-21.074337,-15.706164
Shang-Chi,good,63,12,30,50,25,100,280,27.00666,-43.778137
Shatterstar,good,63,48,45,64,42,84,346,32.257786,2.2121413
She-Hulk,good,69,100,42,100,33,70,414,56.100674,14.579795
She-Thing,good,1,1,1,1,0,1,5,-64.7831,6.653982
Shocker,bad,63,10,23,70,63,56,285,1.9458959,6.097437
Shriek,good,50,10,23,28,45,42,198,-12.097394,-34.23001
Shrinking Violet,good,1,1,1,1,0,1,5,-54.441746,15.467071
Sif,good,50,57,25,52,19,70,273,32.65124,-21.992613
Silk Spectre I,good,1,1,1,1,0,1,5,-63.808067,0.5548564
Silk Spectre II,good,1,1,1,1,0,1,5,-61.671055,-9.013689
Silverclaw,good,50,28,35,42,34,42,231,5.550541,-34.236893
Sinestro,bad,75,80,53,64,100,56,428,18.332287,40.94189
Siren,bad,38,10,12,14,55,28,157,-32.925613,-38.871872
Siren II,bad,1,1,1,1,0,1,5,-46.793697,14.443816
Siryn,bad,38,8,47,28,50,42,213,-12.173598,-28.583466
Skaar,good,50,85,27,90,62,85,399,39.224716,23.235508
Snowbird,good,50,32,27,42,63,52,266,-20.943354,-25.160412
Sobek,good,50,34,23,46,20,56,229,30.956566,-23.346237
Solomon Grundy,bad,9,93,13,100,78,30,323,31.759705,23.051678
Songbird,good,75,36,27,42,55,56,291,-21.552095,-20.831343
Space Ghost,good,38,18,33,40,90,80,299,-13.16883,-22.200611
Spawn,good,75,60,50,90,100,95,470,22.771198,31.267107
Spectre,good,1,1,1,1,0,1,5,-50.678772,-3.244404
Speedball,good,1,1,1,1,0,1,5,-45.501965,9.766613
Speedy,good,1,1,1,1,0,1,5,-60.971996,8.3497505
Spider-Carnage,bad,1,1,1,1,0,1,5,-50.631718,3.8484807
Spider-Girl,good,63,38,60,65,46,75,347,32.0111,2.416375
Spider-Man,good,88,55,60,74,58,85,420,24.069736,25.296984
Spider-Woman,good,50,42,42,32,62,52,280,22.243248,-24.777061
Spider-Woman II,good,1,1,1,1,0,1,5,-53.43308,0.8230876
Spider-Woman III,good,50,48,27,42,60,28,255,-22.977465,-27.710585
Spider-Woman IV,bad,1,1,1,1,0,1,5,-61.663548,-4.9113193
Spiderman,good,1,1,1,1,0,1,5,-55.07092,-3.365408
Spyke,good,50,12,17,60,41,30,210,4.7874017,0.9533093
Stacy X,good,1,1,1,1,0,1,5,-58.040146,-5.9316587
Starfire,good,50,80,33,85,59,70,377,38.366856,23.510118
Stargirl,good,50,40,27,90,71,56,334,17.427713,5.813932
Steel,good,81,82,53,90,64,64,434,36.721943,39.462955
Stephanie Powell,good,69,10,54,10,17,10,170,-9.969172,-40.063663
Storm,good,75,10,47,30,88,75,325,-17.7649,-11.573807
Sub-Mariner,good,63,80,47,56,37,84,367,48.433044,-10.945793
Sunspot,good,63,63,35,25,79,70,335,37.212624,10.195356
Super Moos,good,8,1,1,10,65,40,125,-38.1286,-40.32553
Superboy,good,75,95,83,90,84,60,487,24.777777,45.738728
Superboy-Prime,bad,94,100,100,100,100,85,579,23.915781,56.836697
Supergirl,good,94,98,92,100,85,75,544,24.94632,54.76768
Superman,good,100,100,100,100,94,85,579,24.375029,56.053856
Swamp Thing,bad,88,80,23,100,66,56,413,27.123322,14.420713
Sylar,bad,75,10,12,28,91,56,272,-23.355022,-11.176557
Synch,good,75,67,23,28,74,56,323,36.9095,9.962108
Tempest,good,38,10,45,28,62,60,243,-11.066209,-26.364496
Thanos,bad,88,100,17,100,100,80,485,6.3990984,47.5238
The Cape,good,38,10,23,32,22,64,189,7.329746,-39.694675
The Comedian,neutral,63,14,17,10,12,80,196,16.053745,-53.108894
Thing,good,75,84,21,90,26,80,376,58.57361,11.910854
Thor,good,69,100,92,100,100,85,546,28.75306,59.36868
Thor Girl,good,75,83,70,84,100,70,482,23.556643,44.214493
Thunderbird,good,50,32,27,32,14,70,225,30.531912,-24.056547
Thunderbird II,good,1,1,1,1,0,1,5,-60.971996,8.3497505
Thunderbird III,good,1,1,1,1,0,1,5,-50.738033,15.875455
Thunderstrike,good,63,80,70,84,31,72,400,41.067196,2.3463612
Thundra,good,38,81,32,64,26,54,295,42.62245,-11.063389
Tiger Shark,bad,38,72,42,70,21,28,271,41.036484,-12.220032
Tigra,good,63,32,53,38,33,90,309,28.412758,-37.067474
Tinkerer,bad,100,10,23,14,10,14,171,-10.284812,-63.849274
Titan,good,1,1,1,1,0,1,5,-53.43308,0.8230876
Toad,neutral,50,34,58,56,49,28,275,6.4118485,-3.9433017
Toxin,good,56,73,70,84,75,70,428,26.095245,29.684261
Tracy Strauss,good,1,1,1,1,0,1,5,-64.71068,-6.6904025
Triplicate Girl,good,63,10,23,42,44,42,224,-8.804866,-36.417095
Two-Face,bad,88,10,12,14,9,28,161,-10.9085655,-62.289974
Ultragirl,good,50,80,35,70,35,80,350,45.767883,-9.787697
Ultron,bad,88,83,42,100,100,64,477,9.168677,49.14813
Utgard-Loki,bad,50,80,23,84,72,64,373,37.69938,22.651577
Vagabond,good,1,1,1,1,0,1,5,-60.971996,8.3497505
Valerie Hart,good,1,1,1,1,0,1,5,-61.064064,18.212467
Valkyrie,good,1,1,1,1,0,1,5,-68.56725,6.830796
Vanisher,bad,63,10,75,56,39,42,285,7.8781643,-7.210603
Venom,bad,75,57,65,84,79,84,444,24.523338,29.216732
Venom II,bad,50,57,47,70,54,56,334,36.90894,1.6698463
Venom III,bad,63,73,35,90,66,56,383,34.961803,23.431772
Vertigo II,good,1,1,1,1,0,1,5,-66.35122,-3.8726282
Vindicator,good,1,1,1,1,0,1,5,-60.20839,15.531411
Vindicator II,good,63,63,53,64,56,70,369,37.91352,2.61747
Violator,bad,1,1,1,1,0,1,5,-84.361176,16.090366
Violet,good,10,4,12,28,65,14,133,-35.87739,-39.172394
Vision,good,100,72,54,95,76,70,467,37.129566,41.198025
Vision II,good,1,1,1,1,0,1,5,-65.446335,26.2219
Vulcan,good,1,1,1,1,0,1,5,-52.25145,19.229187
Vulture,bad,63,22,47,56,40,56,284,19.651464,-1.9069619
Walrus,bad,50,28,8,50,11,20,167,15.574186,-9.327087
War Machine,good,63,80,63,100,100,85,491,23.95513,42.545887
Warbird,good,1,1,1,1,0,1,5,-70.83054,21.983395
Warlock,good,88,36,79,95,71,95,464,22.632643,27.186829
Warp,bad,38,10,23,28,63,50,212,-13.880107,-30.74006
Warpath,good,38,72,47,70,26,84,337,45.294262,-8.932024
Wasp,good,63,8,58,52,23,42,246,8.929437,-6.9785933
Watcher,good,100,80,67,89,100,56,492,34.699635,49.1781
Weapon XI,bad,1,1,1,1,0,1,5,-85.42764,11.624287
White Queen,good,1,1,1,1,0,1,5,-69.065506,29.119328
Wildfire,good,50,32,23,100,77,42,324,14.368028,5.390688
Willis Stryker,bad,38,16,23,28,41,60,206,-5.8421054,-26.173162
Winter Soldier,good,56,32,35,65,60,84,332,17.354342,15.171946
Wiz Kid,good,1,1,1,1,0,1,5,-56.010963,9.751053
Wolfsbane,good,38,16,35,42,26,42,199,5.2639318,-35.442146
Wolverine,good,55,32,38,100,44,100,369,30.155085,-7.888047
Wonder Girl,good,75,90,25,80,39,60,369,57.353966,10.51112
Wonder Man,good,75,100,53,90,64,64,446,37.078148,38.830936
Wonder Woman,good,88,100,50,100,42,100,480,55.342575,16.399122
Wondra,good,1,1,1,1,0,1,5,-66.93619,7.7221184
Wyatt Wingfoot,good,10,10,12,1,1,56,90,0.6123353,-41.283176
X-23,good,75,24,35,90,27,85,336,29.005875,-7.2452407
X-Man,good,88,53,53,95,92,84,465,22.862495,31.040405
Yellow Claw,bad,1,1,1,1,0,1,5,-64.13219,10.203651
Yellowjacket,good,88,10,12,28,12,14,164,-9.409928,-62.008434
Yellowjacket II,good,50,10,35,28,31,28,182,-10.00229,-38.864563
Ymir,good,50,100,27,100,83,28,388,31.405025,22.001074
Zatanna,good,75,10,23,28,100,56,292,-23.466076,-11.085891
Zoom,bad,50,10,100,28,72,28,288,-19.266298,6.0433207
